short_name_etf,ticker_etf_yf,ticker_etf,devise,place_boursiere_etf,volume_moyen,frais_pct
Amundi CAC 40 Daily (-2x) Inver,BX4.PA,BX4,EUR,PAR,13349470.0,0.6
Amundi EURO STOXX 50 Daily (-2x,BXX.PA,BXX,EUR,PAR,842374.0,0.6
iShares MSCI World Swap PEA UCI,WPEA.PA,WPEA,EUR,PAR,684088.0,
AMUNDI PEA MONDE MSCI World UCI,DCAM.PA,DCAM,EUR,PAR,563067.0,
Amundi ShortDAX Daily (-2x) Inv,DSD.PA,DSD,EUR,PAR,274818.0,0.6
Amundi MSCI Emerging Markets Sw,AEEM.PA,AEEM,EUR,PAR,255078.0,0.2
Amundi MSCI Greece UCITS ETF Di,GRE.PA,GRE,EUR,PAR,228283.0,0.45
AMUNDI STOXX EUROPE DEFENSE UCI,DEFS.PA,DEFS,EUR,PAR,219445.0,0.35
Amundi CAC 40 Daily (-1x) Inver,SHC.PA,SHC,EUR,PAR,179368.0,0.4
Amundi CAC 40 Daily (2x) Levera,LVC.PA,LVC,EUR,PAR,175562.0,0.4
HSBC HANG SENG TECH UCITS ETF,HSTE.PA,HSTE,EUR,PAR,168107.0,0.5
BNP Paribas Easy S&P 500 UCITS ,ESE.PA,ESE,EUR,PAR,137396.0,
Amundi STOXX Europe 600 Banks U,BNK.PA,BNK,EUR,PAR,118774.0,0.3
iShares Global Aerospace & Defe,DFND.PA,DFND,EUR,PAR,112646.0,0.35
BNP Paribas Easy Stoxx Europe 6,ETZ.PA,ETZ,EUR,PAR,102795.0,
Amundi MSCI World (2x) Leverage,LWLD.PA,LWLD,EUR,PAR,97541.0,
Amundi EURO STOXX 50 II UCITS E,MSE.PA,MSE,EUR,PAR,90951.0,0.2
BNP PARIBAS EASY Bloomberg Euro,GUARD.PA,GUARD,EUR,PAR,74733.0,
BNP PARIBAS EASY MSCI EMU Min T,EEMU.PA,EEMU,EUR,PAR,70263.0,
AMUNDI MSCI WORLD SCREENED UCIT,WLSC.PA,WLSC,EUR,PAR,56273.0,
Amundi MSCI USA Daily (2x) Leve,CL2.PA,CL2,EUR,PAR,54984.0,
AMUNDI PEA EURO COURT TERME UCI,OBLI.PA,OBLI,EUR,PAR,52056.0,0.4
BNP Paribas Easy MSCI Japan Min,EJAP.PA,EJAP,EUR,PAR,49648.0,
Amundi PEA S&P 500 UCITS ETF Ac,PSP5.PA,PSP5,EUR,PAR,49485.0,0.12
Amundi MSCI India Swap UCITS ET,INR.PA,INR,EUR,PAR,47276.0,0.85
BNP PARIBAS EASY MSCI Europe Mi,EEUE.PA,EEUE,EUR,PAR,47223.0,
BNP PARIBAS EASY MSCI Emerging ,EEMK.PA,EEMK,EUR,PAR,45333.0,
Amundi PEA Emergent (MSCI Emerg,PAEEM.PA,PAEEM,EUR,PAR,44200.0,
Amundi CAC 40 UCITS ETF Acc,CACC.PA,CACC,EUR,PAR,41841.0,0.25
Amundi PEA Chine (MSCI China) S,PASI.PA,PASI,EUR,PAR,41763.0,0.65
Amundi PEA Nasdaq-100 UCITS ETF,PUST.PA,PUST,EUR,PAR,41657.0,0.3
BNP Paribas Easy EURO STOXX 50 ,ETDD.PA,ETDD,EUR,PAR,40722.0,
HSBC MSCI CHINA ETF,CNY.PA,CNY,EUR,PAR,40101.0,0.3
Amundi EURO STOXX 50 Daily (-1x,BSX.PA,BSX,EUR,PAR,39213.0,0.4
BNP PARIBAS EASY ESG Enhanced E,AEMUS.PA,AEMUS,EUR,PAR,38832.0,
Amundi Smart Overnight Return U,CSH2.PA,CSH2,EUR,PAR,37881.0,0.1
Amundi MSCI USA Daily (-1x) Inv,DSP5.PA,DSP5,EUR,PAR,36814.0,0.6
Amundi PEA Asie Emergente (MSCI,PAASI.PA,PAASI,EUR,PAR,36014.0,
iShares iBonds Dec 2028 Term  C,B28A.PA,B28A,EUR,PAR,35053.0,
Amundi Core MSCI Europe UCITS E,CEU2.PA,CEU2,EUR,PAR,35029.0,0.12
VanEck Crypto and Blockchain In,DAPP.PA,DAPP,EUR,PAR,34455.0,0.65
AMUNDI MSCI USA SCREENED UCITS ,USAS.PA,USAS,EUR,PAR,33457.0,
Amundi CAC 40 UCITS ETF Dist,CAC.PA,CAC,EUR,PAR,33033.0,0.25
BNP PARIBAS EASY MSCI USA Min T,ENAM.PA,ENAM,EUR,PAR,32697.0,
Amundi Core S&P 500 Swap UCITS ,SP5.PA,SP5,EUR,PAR,28817.0,0.05
BNP Paribas Easy MSCI World Min,WEMT2.PA,WEMT2,EUR,PAR,28639.0,
Amundi Core Stoxx Europe 600 UC,MEUD.PA,MEUD,EUR,PAR,28231.0,0.07
VanEck Rare Earth and Strategic,REMX.PA,REMX,EUR,PAR,27883.0,0.59
Amundi Stoxx Europe Select Divi,SEL.PA,SEL,EUR,PAR,26777.0,0.3
iSh AI Innovation Active UCITS ,IART.PA,IART,EUR,PAR,26315.0,
Amundi MSCI Brazil UCITS ETF Ac,RIO.PA,RIO,EUR,PAR,26099.0,0.65
Amundi Core Nasdaq-100 Swap UCI,UST.PA,UST,EUR,PAR,25391.0,0.22
Amundi Core MSCI EMU UCITS ETF ,MFE.PA,MFE,EUR,PAR,24727.0,0.12
iShares S&P 500 Swap PEA UCITS ,SPEA.PA,SPEA,EUR,PAR,24347.0,
BNP Paribas Easy Bloomberg Barc,JBEM.PA,JBEM,EUR,PAR,24061.0,
VanEck Defense UCITS ETF,DFNS.PA,DFNS,EUR,PAR,23592.0,0.55
Amundi PEA S&P 500 UCITS ETF EU,PSPH.PA,PSPH,EUR,PAR,23327.0,0.12
Amundi PEA Inde (MSCI India) UC,PINR.PA,PINR,EUR,PAR,23323.0,0.85
AMUNDI MSCI SWITZERLAND UCITS E,CSW.PA,CSW,EUR,PAR,23298.0,0.25
iShares iBonds Dec 2027 Term  C,IB27.PA,IB27,EUR,PAR,22960.0,
iShares MSCI EM ex-China UCITS ,MTPI.PA,MTPI,EUR,PAR,22142.0,0.25
Amundi Euro Stoxx Banks UCITS E,BNKE.PA,BNKE,EUR,PAR,21978.0,0.3
Amundi Euro Government Green Bo,ERTH.PA,ERTH,EUR,PAR,21494.0,0.2
Amundi NYSE Arca Gold,GLDM.PA,GLDM,EUR,PAR,19235.0,0.65
Amundi PEA Amerique Latine (MSC,PALAT.PA,PALAT,EUR,PAR,18275.0,
Amundi EUR Corporate Bond ESG -,ECRP.PA,ECRP,EUR,PAR,17971.0,0.14
iShares MSCI Global Semiconduct,SEME.PA,SEME,EUR,PAR,17426.0,0.35
AMUNDI MSCI EM ASIA UCITS ETF -,AASI.PA,AASI,EUR,PAR,17312.0,0.2
Amundi MSCI World Swap UCITS ET,EWLD.PA,EWLD,EUR,PAR,16856.0,0.38
Amundi EURO STOXX 50 Daily (2x),LVE.PA,LVE,EUR,PAR,16518.0,0.4
Future of Defence UCITS ETF - A,NATO.PA,NATO,EUR,PAR,16009.0,
Amundi PEA S&P 500 Screened UCI,PE500.PA,PE500,EUR,PAR,16004.0,
Amundi PEA MSCI Europe UCITS ET,PCEU.PA,PCEU,EUR,PAR,15696.0,
Amundi PEA US Tech Screened UCI,PANX.PA,PANX,EUR,PAR,15584.0,
Amundi Core EURO STOXX 50 UCITS,C50.PA,C50,EUR,PAR,15433.0,0.09
Amundi MSCI World ESG Broad Tra,CLWD.PA,CLWD,EUR,PAR,14874.0,0.2
BNP Paribas Easy EUR Corp Bond ,SRIC.PA,SRIC,EUR,PAR,14539.0,
iShares iBonds Dec 2035 Term  C,IG35.PA,IG35,EUR,PAR,14525.0,
Amundi MSCI Europe ESG Selectio,ESGE.PA,ESGE,EUR,PAR,14062.0,0.2
Amundi European Strategic Auton,INDEP.PA,INDEP,EUR,PAR,13271.0,
BNP Paribas Easy S&P 500 Scored,SPEEU.PA,SPEEU,EUR,PAR,13214.0,
BNP PARIBAS EASY MSCI Pacific e,EPEJ.PA,EPEJ,EUR,PAR,13191.0,
Invesco S&P 500 High Dividend L,HDLV.PA,HDLV,EUR,PAR,13046.0,
SPDR S&P Euro Dividend Aristocr,EUDV.PA,EUDV,EUR,PAR,12879.0,0.3
BNP PARIBAS EASY ESG ENHANCED W,AWDSE.PA,AWDSE,EUR,PAR,12656.0,
AMUNDI MSCI EM LATIN AMERICA UC,ALAT.PA,ALAT,EUR,PAR,12340.0,0.2
Amundi PEA Japon (TOPIX) UCITS ,PTPXE.PA,PTPXE,EUR,PAR,11037.0,
Amundi MSCI Europe SRI Climate ,EUSRI.PA,EUSRI,EUR,PAR,10812.0,0.18
Amundi MSCI Semiconductors UCIT,CHIP.PA,CHIP,EUR,PAR,10692.0,0.35
SPDR MSCI All Country World Inv,IMIE.PA,IMIE,EUR,PAR,10530.0,0.4
Amundi S&P 500 Swap UCITS ETF E,500.PA,500,EUR,PAR,10203.0,0.15
Amundi EUR Overnight Return UCI,CSH.PA,CSH,EUR,PAR,10070.0,0.1
BNP Paribas Easy FTSE EPRA/NARE,EEE.PA,EEE,EUR,PAR,10049.0,
Amundi MSCI Eastern Europe Ex R,CEC.PA,CEC,EUR,PAR,9751.0,0.5
Amundi PEA Asie Pacifique (MSCI,PAEJ.PA,PAEJ,EUR,PAR,9746.0,0.6
VanEck Uranium and Nuclear Tech,NUCL.PA,NUCL,EUR,PAR,9713.0,0.55
Amundi Bloomberg Equal-weight C,COMO.PA,COMO,EUR,PAR,9683.0,0.3
iShares MSCI USA Swap UCITS ETF,MUSA.PA,MUSA,EUR,PAR,9502.0,0.05
Amundi Core EUR Corporate Bond ,PRAC.PA,PRAC,EUR,PAR,9455.0,0.07
Amundi MSCI World Climate Paris,PABW.PA,PABW,EUR,PAR,9384.0,0.2
Amundi Core MSCI Emerging Marke,AEME.PA,AEME,EUR,PAR,9243.0,0.18
iShares iBonds Dec 2026 Term  C,B26A.PA,B26A,EUR,PAR,9154.0,
Amundi Label ISR Actions Europe,ISRA.PA,ISRA,EUR,PAR,9128.0,
Amundi S&P Eurozone Climate Par,EPAB.PA,EPAB,EUR,PAR,9052.0,0.2
BNP PARIBAS EASY ESG ENHANCED U,AUSSE.PA,AUSSE,EUR,PAR,9015.0,
Future of European Defence Scre,ARMY.PA,ARMY,EUR,PAR,8901.0,
Amundi MSCI World Swap II UCITS,WLD.PA,WLD,EUR,PAR,8446.0,0.3
BNP PARIBAS EASY ECPI CIRCULAR ,REUSE.PA,REUSE,EUR,PAR,8357.0,
HSBC MSCI China A UCITS ETF USD,HCAS.PA,HCAS,EUR,PAR,8301.0,
Amundi Core MSCI World UCITS ET,MWRD.PA,MWRD,EUR,PAR,8124.0,0.12
HSBC SP 500 ETF,HHH.PA,HHH,EUR,PAR,8087.0,0.09
Amundi PEA Emergent EMEA (MSCI ,PLEM.PA,PLEM,EUR,PAR,7940.0,0.55
iShares iBonds Dec 2025 Term  C,IB25.PA,IB25,EUR,PAR,7870.0,
BNP Paribas EASY CAC 40(R) ESG ,E40.PA,E40,EUR,PAR,7863.0,
BNP Paribas Easy JPM ESG EMU Go,GEMU.PA,GEMU,EUR,PAR,7806.0,
BNP Paribas Easy EUR Overnight ,CASHE.PA,CASHE,EUR,PAR,7748.0,
Amundi STOXX Europe 600 Healthc,HLT.PA,HLT,EUR,PAR,7703.0,0.3
Amundi PEA Luxe Monde UCITS ETF,MLUX.PA,MLUX,EUR,PAR,7632.0,
Amundi Fixed Maturity 2030 Euro,FM30.PA,FM30,EUR,PAR,7572.0,
Amundi EUR Corporate Bond 0-3Y ,ECRP3.PA,ECRP3,EUR,PAR,7518.0,0.12
21Shares Lido DAO ETP,LIDO.PA,LIDO,EUR,PAR,7501.0,
Amundi DAX II UCITS ETF Acc,DAX.PA,DAX,EUR,PAR,7452.0,0.15
Amundi S&P World Communication ,TELW.PA,TELW,EUR,PAR,7188.0,0.18
Amundi MSCI Water UCITS ETF Dis,WAT.PA,WAT,EUR,PAR,7174.0,0.6
Amundi S&P 500 Screened UCITS E,S500H.PA,S500H,EUR,PAR,7165.0,0.28
BNP PARIBAS EASY FTSE EPRA NARE,GREAL.PA,GREAL,EUR,PAR,7097.0,
iShares J.P. Morgan EM Local Go,EMGA.PA,EMGA,EUR,PAR,7038.0,
BNP PARIBAS EASY ENERGY & METAL,EMEH.PA,EMEH,EUR,PAR,6981.0,
BNP Paribas Easy MSCI World SRI,EMWE.PA,EMWE,EUR,PAR,6955.0,
Amundi S&P World Energy Screene,NRGW.PA,NRGW,EUR,PAR,6924.0,0.18
Amundi MSCI EUROPE SCREENED UCI,EUSC.PA,EUSC,EUR,PAR,6914.0,
BNP PARIBAS EASY MSCI Japan Min,EJAH.PA,EJAH,EUR,PAR,6786.0,
Amundi STOXX Europe 600 Basic R,BRES.PA,BRES,EUR,PAR,6609.0,0.3
BNP Paribas Easy MSCI Emerging ,EMIS.PA,EMIS,EUR,PAR,6602.0,
Amundi PEA Eau (MSCI Water) UCI,AWAT.PA,AWAT,EUR,PAR,6551.0,0.6
HSBC EURO STOXX 50 ETF,50E.PA,50E,EUR,PAR,6421.0,0.05
HSBC MSCI WORLD,WRD.PA,WRD,EUR,PAR,6388.0,0.15
Amundi Euro Aggregate Bond ESG ,EGRI.PA,EGRI,EUR,PAR,6329.0,0.16
SPDR S&P 400 US Mid Cap UCITS E,SPY4.PA,SPY4,EUR,PAR,6225.0,0.3
HSBC MSCI Europe UCITS ETF EUR ,HMES.PA,HMES,EUR,PAR,6171.0,
Amundi MSCI AC Asia Pacific Ex ,AEJ.PA,AEJ,EUR,PAR,6155.0,0.6
Amundi MSCI Emerging Markets SR,EMSRI.PA,EMSRI,EUR,PAR,6075.0,0.25
Amundi S&P World Materials Scre,MATW.PA,MATW,EUR,PAR,5976.0,0.18
Amundi STOXX Europe 600 Technol,TNO.PA,TNO,EUR,PAR,5901.0,0.3
BNP PARIBAS EASY ESG ENHANCED J,AJASE.PA,AJASE,EUR,PAR,5649.0,
VanEck Gold Miners UCITS ETF,GDX.PA,GDX,EUR,PAR,5644.0,0.53
Amundi STOXX Europe 600 Telecom,TELE.PA,TELE,EUR,PAR,5578.0,0.3
Amundi PEA Immobilier Europe (F,PMEH.PA,PMEH,EUR,PAR,5497.0,0.4
21Shares Bitcoin ETP - ABTC,ABTC.PA,ABTC,EUR,PAR,5428.0,
MELANION BITCOIN EQUITIES UCITS,BTC.PA,BTC,EUR,PAR,5373.0,
Amundi FTSE MIB UCITS ETF Dist,MIB.PA,MIB,EUR,PAR,5370.0,0.35
Amundi Core FTSE 100 Swap UCITS,L100.PA,L100,EUR,PAR,5334.0,0.14
Amundi MSCI Water UCITS ETF Acc,WATC.PA,WATC,EUR,PAR,5288.0,0.6
Amundi Label ISR Actions Monde ,ISRM.PA,ISRM,EUR,PAR,5243.0,
iShares Global Clean Energy Tra,INRE.PA,INRE,EUR,PAR,5203.0,
Amundi Fixed Maturity 2028 Euro,FM28.PA,FM28,EUR,PAR,5175.0,0.09
HSBC MSCI EUROPE ETF,HEU.PA,HEU,EUR,PAR,5061.0,0.2
WisdomTree Europe Defence UCITS,WDEF.PA,WDEF,EUR,PAR,4990.0,
Amundi S&P 500 Equal Weight ESG,MWOQ.PA,MWOQ,EUR,PAR,4975.0,0.2
AMUNDI STOXX EUROPE 600 ESG,C6E.PA,C6E,EUR,PAR,4941.0,0.18
BNP PARIBAS EASY S&P 500 SCORED,SPEUH.PA,SPEUH,EUR,PAR,4919.0,
AMUNDI CAC 40 ESG UCITS ETF Acc,C40.PA,C40,EUR,PAR,4807.0,0.25
SPDR MSCI Europe Industrials UC,STQ.PA,STQ,EUR,PAR,4757.0,0.18
Amundi MSCI China ESG Selection,ASI.PA,ASI,EUR,PAR,4724.0,0.65
Amundi MSCI Robotics & AI UCITS,GOAI.PA,GOAI,EUR,PAR,4706.0,0.4
BNP PARIBAS EASY MSCI China Min,CHINE.PA,CHINE,EUR,PAR,4670.0,
Amundi Nasdaq-100 Daily (2x) Le,LQQ.PA,LQQ,EUR,PAR,4665.0,0.6
BNP Paribas Easy MSCI Europe SR,SRIEC.PA,SRIEC,EUR,PAR,4585.0,
VanEck Solana ETN,VSOL.PA,VSOL,EUR,PAR,4572.0,
AMUNDI EUR CORPORATE BOND 1-5Y ,EBBB.PA,EBBB,EUR,PAR,4564.0,0.2
HSBC MSCI EMERGING MARKETS ISLA,HIES.PA,HIES,EUR,PAR,4416.0,
BNP PARIBAS EASY ECPI GLOBAL ES,BLUE.PA,BLUE,EUR,PAR,4413.0,
HSBC MSCI Emerging Markets UCIT,HEMA.PA,HEMA,EUR,PAR,4393.0,
Amundi S&P 500 Climate Paris Al,PABH.PA,PABH,EUR,PAR,4364.0,0.25
Amundi DJ Global Titans 50 UCIT,MGT.PA,MGT,EUR,PAR,4347.0,0.4
Amundi Core Euro Government Bon,EGOV.PA,EGOV,EUR,PAR,4230.0,0.09
SPDR MSCI Europe Financials UCI,STZ.PA,STZ,EUR,PAR,4158.0,0.18
Amundi Global Gender Equality,ELLE.PA,ELLE,EUR,PAR,4156.0,0.2
Amundi STOXX Europe 600 Energy ,ENRG.PA,ENRG,EUR,PAR,4148.0,0.3
BNP Paribas Easy MSCI USA SRI P,EKLDC.PA,EKLDC,EUR,PAR,4017.0,
Amundi Euro Government Bond 7-1,MTD.PA,MTD,EUR,PAR,4000.0,0.15
Amundi MSCI New Energy UCITS ET,NRJ.PA,NRJ,EUR,PAR,3931.0,0.6
BNP Paribas Easy MSCI EMU SRI P,MUSRI.PA,MUSRI,EUR,PAR,3781.0,
Amundi Nasdaq-100 Swap UCITS ET,ANX.PA,ANX,EUR,PAR,3725.0,0.23
Amundi MSCI Japan SRI Climate P,JPX4.PA,JPX4,EUR,PAR,3713.0,0.18
Amundi MSCI Smart Mobility UCIT,ELCR.PA,ELCR,EUR,PAR,3708.0,0.45
Amundi STOXX Europe 600 Insuran,INS.PA,INS,EUR,PAR,3637.0,0.3
Amundi FTSE EPRA NAREIT Global ,EPRA.PA,EPRA,EUR,PAR,3624.0,0.24
iShares Digital Entertainment a,DGGE.PA,DGGE,EUR,PAR,3505.0,
21Shares Ethereum Staking ETP,AETH.PA,AETH,EUR,PAR,3430.0,
BNP Paribas Easy JPM ESG EMBI G,EMBH.PA,EMBH,EUR,PAR,3404.0,
Amundi CAC 40 UCITS ETF S - Acc,CA40.PA,CA40,EUR,PAR,3396.0,
iShares Diversified Commodity S,CMSE.PA,CMSE,EUR,PAR,3394.0,
Amundi Euro Government Bond 1-3,MTA.PA,MTA,EUR,PAR,3336.0,0.15
Amundi LevDax Daily (2x) levera,LVD.PA,LVD,EUR,PAR,3329.0,0.35
Amundi Label ISR Credit USD UCI,ISCH.PA,ISCH,EUR,PAR,3324.0,
VanEck Bitcoin ETN,VBTC.PA,VBTC,EUR,PAR,3253.0,
Amundi PEA S&P US Industrials S,PDJE.PA,PDJE,EUR,PAR,3191.0,0.5
Amundi MSCI Korea UCITS ETF Acc,KRW.PA,KRW,EUR,PAR,3167.0,0.45
AMUNDI RUSSELL 2000 UCITS ETF -,RS2K.PA,RS2K,EUR,PAR,3148.0,0.35
SPDR MSCI Europe Energy UCITS E,STN.PA,STN,EUR,PAR,3113.0,0.18
Amundi MSCI USA ESG Leaders UCI,USAL.PA,USAL,EUR,PAR,3105.0,0.17
AMUNDI JAPAN TOPIX UCITS ETF - ,TPXE.PA,TPXE,EUR,PAR,3087.0,0.2
iShares  Short Term Swap PEA ET,EPEA.PA,EPEA,EUR,PAR,3068.0,
SPDR MSCI Europe Health Care UC,STW.PA,STW,EUR,PAR,3060.0,0.18
VanEck Space Innovators UCITS E,JEDI.PA,JEDI,EUR,PAR,3037.0,0.55
iShares iBonds Dec 2029 Term EU,29GI.PA,29GI,EUR,PAR,3026.0,
VanEck Junior Gold Miners UCITS,GDXJ.PA,GDXJ,EUR,PAR,2933.0,0.55
Amundi Fixed Maturity 2027 Euro,FM27.PA,FM27,EUR,PAR,2818.0,0.09
BNP Paribas Easy MSCI World UCI,WETFE.PA,WETFE,EUR,PAR,2800.0,
Amundi Label ISR Credit EUR UCI,ISRC.PA,ISRC,EUR,PAR,2798.0,
Amundi MSCI Europe Climate Pari,LWCE.PA,LWCE,EUR,PAR,2750.0,0.15
Amundi Euro Government Bond 3-5,MTB.PA,MTB,EUR,PAR,2736.0,0.15
BNP Paribas Easy EUR High Yield,HYSRI.PA,HYSRI,EUR,PAR,2714.0,
AMUNDI CAC 40 ESG UCITS ETF Dis,C4D.PA,C4D,EUR,PAR,2703.0,0.25
Amundi Euro Government Bond 25+,MTH.PA,MTH,EUR,PAR,2690.0,0.07
Amundi Fixed Maturity 2029 Euro,FM29.PA,FM29,EUR,PAR,2682.0,0.09
Amundi S&P World Consumer Discr,CODW.PA,CODW,EUR,PAR,2672.0,0.18
SPDR Russell 2000 U.S. Small Ca,R2US.PA,R2US,EUR,PAR,2654.0,0.3
Amundi MSCI EMU ESG Selection -,CMU.PA,CMU,EUR,PAR,2650.0,0.25
SPDR MSCI Emerging Markets UCIT,EMRG.PA,EMRG,EUR,PAR,2629.0,0.42
Amundi MSCI Turkey UCITS ETF Ac,TUR.PA,TUR,EUR,PAR,2622.0,0.45
VanEck Ethereum ETN,VETH.PA,VETH,EUR,PAR,2617.0,
Amundi IBEX 35 UCITS ETF - Acc,CS1.PA,CS1,EUR,PAR,2589.0,0.3
Amundi STOXX Europe 600 Consume,TRV.PA,TRV,EUR,PAR,2587.0,0.3
BNP Paribas Easy ESG Enhanced E,ACE32.PA,ACE32,EUR,PAR,2419.0,
Amundi MSCI EMU Value Factor,VAL.PA,VAL,EUR,PAR,2324.0,0.4
Amundi Euro Government Bond 10-,MTE.PA,MTE,EUR,PAR,2323.0,0.15
Amundi STOXX Europe 600 Utiliti,UTI.PA,UTI,EUR,PAR,2314.0,0.3
Amundi MSCI EMU High Dividend U,CD8.PA,CD8,EUR,PAR,2301.0,
SPDR MSCI Japan UCITS ETF,JPJY.PA,JPJY,JPY,PAR,2301.0,0.12
BNP Paribas Easy EUR Aggregate ,BSRIC.PA,BSRIC,EUR,PAR,2268.0,
AMUNDI FLOATING RATE EURO CORPO,AFRN.PA,AFRN,EUR,PAR,2263.0,0.18
Amundi S&P Eurozone Dividend Ar,EDIV.PA,EDIV,EUR,PAR,2253.0,0.3
Amundi MSCI Europe UCITS ETF Ac,MEU.PA,MEU,EUR,PAR,2185.0,0.25
Amundi Japan TOPIX II UCITS ETF,JPN.PA,JPN,EUR,PAR,2091.0,0.45
SPDR MSCI Europe Technology UCI,STK.PA,STK,EUR,PAR,2012.0,0.18
AMUNDI FTSE EPRA EUROPE REAL ES,MEH.PA,MEH,EUR,PAR,1955.0,0.3
Amundi MSCI Digital Economy UCI,EBUY.PA,EBUY,EUR,PAR,1954.0,0.45
iShares iBonds Dec 2027 Term Co,IBE7.PA,IBE7,EUR,PAR,1926.0,
BNP Paribas Easy MSCI Japan SRI,SRIJ.PA,SRIJ,EUR,PAR,1918.0,
iShares China CNY Bond UCITS ET,CYEA.PA,CYEA,EUR,PAR,1883.0,0.35
AXA IM Euro Credit PAB UCITS ET,AIPE.PA,AIPE,EUR,PAR,1882.0,
21Shares Chainlink ETP,ALINK.PA,ALINK,EUR,PAR,1881.0,
WisdomTree Quantum Computing UC,WQTM.PA,WQTM,EUR,PAR,1870.0,
Bitwise Core Bitcoin ETP (BTC1),BTC1.PA,BTC1,EUR,PAR,1868.0,
Amundi Global Aggregate Green B,CLIM.PA,CLIM,EUR,PAR,1836.0,0.25
Invesco EURO STOXX High Dividen,EUHD.PA,EUHD,EUR,PAR,1832.0,
iShares iBonds Dec 2030 Term EU,30IG.PA,30IG,EUR,PAR,1800.0,
Invesco EQQQ Nasdaq-100 UCITS E,EQQQ.PA,EQQQ,EUR,PAR,1794.0,0.3
Amundi Stoxx Europe 50 UCITS ET,C5E.PA,C5E,EUR,PAR,1767.0,
VanEck Semiconductor UCITS ETF,SMH.PA,SMH,EUR,PAR,1754.0,0.35
Amundi STOXX Europe 600 Industr,IND.PA,IND,EUR,PAR,1721.0,0.3
Amundi MSCI Disruptive Technolo,UNIC.PA,UNIC,EUR,PAR,1685.0,0.45
Amundi S&P World Consumer Stapl,COSW.PA,COSW,EUR,PAR,1670.0,0.18
Amundi Euro Government Bond 0-6,C3M.PA,C3M,EUR,PAR,1660.0,
21Shares Algorand ETP,ALGO.PA,ALGO,EUR,PAR,1638.0,
BNP Paribas Easy MSCI World ESG,WEMTH.PA,WEMTH,EUR,PAR,1624.0,
Amundi MSCI China Tech UCITS ET,CC1.PA,CC1,EUR,PAR,1590.0,0.55
WisdomTree Cybersecurity UCITS ,WCBR.PA,WCBR,EUR,PAR,1545.0,
VanEck Polkadot ETN,VDOT.PA,VDOT,EUR,PAR,1536.0,
SPDR MSCI All Country World UCI,ACWE.PA,ACWE,EUR,PAR,1521.0,0.4
VanEck S&P Global Mining UCITS ,GDIG.PA,GDIG,EUR,PAR,1502.0,0.5
Amundi S&P World Industrials Sc,INDW.PA,INDW,EUR,PAR,1493.0,0.18
Franklin US Mega Cap 100 UCITS ,US100.PA,US100,EUR,PAR,1488.0,
Making Europe Great Again UCITS,GR8.PA,GR8,EUR,PAR,1465.0,
Amundi MSCI Emerging Markets ES,CLEM.PA,CLEM,EUR,PAR,1440.0,0.18
VanEck Morningstar US ESG Wide ,MOAT.PA,MOAT,EUR,PAR,1436.0,0.49
BNP Paribas Easy ECPI Global ES,HYDRO.PA,HYDRO,EUR,PAR,1411.0,
Amundi EUR Corporate Bond Clima,CRP.PA,CRP,EUR,PAR,1405.0,0.14
EMQQ Emerging Markets Internet ,EMQQ.PA,EMQQ,EUR,PAR,1393.0,0.86
HSBC MSCI EUROPE ISLAMIC SCREEN,HIPS.PA,HIPS,EUR,PAR,1377.0,
BNPP EASY JPM ESG EMU Gov 10Y+ ,GOD10.PA,GOD10,EUR,PAR,1362.0,
HSBC MSCI CANADA ETF,HCAN.PA,HCAN,EUR,PAR,1354.0,0.35
Amundi S&P Global Health Care E,GLHL.PA,GLHL,EUR,PAR,1344.0,0.18
Invesco FTSE RAFI Europe UCITS ,PEF.PA,PEF,EUR,PAR,1311.0,
Amundi MSCI Europe ESG Broad Tr,CEU.PA,CEU,EUR,PAR,1284.0,0.12
Gold Miners Screened UCITS ETF,ESGO.PA,ESGO,EUR,PAR,1277.0,
Amundi MSCI China UCITS ETF Acc,LCCN.PA,LCCN,EUR,PAR,1241.0,0.29
Amundi MSCI EMU ESG Broad Trans,MFED.PA,MFED,EUR,PAR,1197.0,0.12
Amundi MSCI USA ESG Broad Trans,USAC.PA,USAC,EUR,PAR,1179.0,0.07
Bitwise Physical Ethereum ETP,ZETH.PA,ZETH,EUR,PAR,1156.0,
Amundi MSCI North America ESG B,NRAM.PA,NRAM,EUR,PAR,1123.0,0.15
Amundi MSCI World Health Care U,HLTW.PA,HLTW,EUR,PAR,1117.0,0.3
WisdomTree Uranium and Nuclear ,NCLR.PA,NCLR,EUR,PAR,1111.0,
Amundi US Inflation Expectation,INFU.PA,INFU,EUR,PAR,1109.0,0.25
BNP Paribas Easy ESG Eurozone B,BIODV.PA,BIODV,EUR,PAR,1098.0,
Amundi Italy MIB ESG UCITS ETF ,FMI.PA,FMI,EUR,PAR,1093.0,0.18
Amundi Core Global Government B,GGOV.PA,GGOV,EUR,PAR,1089.0,0.2
Amundi Fixed Maturity 2026 Euro,FM26.PA,FM26,EUR,PAR,1087.0,0.09
Amundi MSCI EMU Climate Paris A,PABZ.PA,PABZ,EUR,PAR,1086.0,0.15
Amundi MSCI World ESG Selection,MWOS.PA,MWOS,EUR,PAR,1085.0,0.2
BNP Paribas EASY S&P 500 II,SPTRE.PA,SPTRE,EUR,PAR,1083.0,
Invesco Global Buyback Achiever,BUYB.PA,BUYB,EUR,PAR,1079.0,
SPDR MSCI Europe Small Cap UCIT,SMC.PA,SMC,EUR,PAR,1066.0,0.3
Amundi EUR High Yield Corporate,HYCC.PA,HYCC,EUR,PAR,1055.0,0.25
AMUNDI EURO GOVERNMENT TILTED G,CB3.PA,CB3,EUR,PAR,1055.0,0.14
AMUNDI MSCI Europe High Dividen,CD9.PA,CD9,EUR,PAR,1019.0,0.23
HSBC MSCI JAPAN ISLAMIC SCREENE,HIJS.PA,HIJS,EUR,PAR,1016.0,
SPDR Bloomberg Euro Aggregate B,EAGG.PA,EAGG,EUR,PAR,992.0,0.17
SPDR MSCI Europe Communication ,STT.PA,STT,EUR,PAR,981.0,0.18
ODDO BHF Global Equity Active U,OBGE.PA,OBGE,EUR,PAR,953.0,
Amundi MSCI Indonesia UCITS ETF,INDO.PA,INDO,EUR,PAR,952.0,0.45
BNP Paribas Easy MSCI Europe Sm,EESM.PA,EESM,EUR,PAR,948.0,
21Shares Crypto Basket Index ET,HODL.PA,HODL,EUR,PAR,946.0,
Amundi MSCI World Information T,TNOW.PA,TNOW,EUR,PAR,944.0,0.3
Amundi Label ISR Actions USA UC,ISUH.PA,ISUH,EUR,PAR,940.0,
Amundi Global Luxury UCITS ETF ,GLUX.PA,GLUX,EUR,PAR,936.0,0.25
Amundi UK Government Inflation-,GILI.PA,GILI,EUR,PAR,920.0,0.07
SPDR MSCI Europe Utilities UCIT,STU.PA,STU,EUR,PAR,911.0,0.18
Amundi PEA S&P US Consumer Stap,COSE.PA,COSE,EUR,PAR,896.0,
Amundi Euro Government Inflatio,MTI.PA,MTI,EUR,PAR,881.0,0.09
WisdomTree Global Efficient Cor,NTSG.PA,NTSG,EUR,PAR,878.0,
Franklin FTSE Asia ex China ex ,FLQA.PA,FLQA,EUR,PAR,873.0,0.14
VanEck Morningstar Global Wide ,GOAT.PA,GOAT,EUR,PAR,871.0,0.52
Amundi MSCI Emerging Ex China E,EMXU.PA,EMXU,EUR,PAR,870.0,
AMUNDI FLOATING RATE USD CORPOR,AFLE.PA,AFLE,EUR,PAR,862.0,0.2
21Shares Cardano ETP,AADA.PA,AADA,EUR,PAR,839.0,
AMUNDI ETF DAX UCITS ETF DR,CG1.PA,CG1,EUR,PAR,830.0,
iMGP DBi Managed Futures Fund R,DBMFE.PA,DBMFE,EUR,PAR,819.0,
AMUNDI EURO HIGH YIELD BOND ESG,AHYE.PA,AHYE,EUR,PAR,805.0,0.35
21Shares Aptos Staking ETP,APTOS.PA,APTOS,EUR,PAR,795.0,2.5
AMUNDI MSCI EUROPE MOMENTUM FAC,MCEU.PA,MCEU,EUR,PAR,794.0,0.23
HSBC FTSE 100 ETF,UKX.PA,UKX,EUR,PAR,788.0,0.07
Invesco FTSE RAFI All World 300,PSRW.PA,PSRW,EUR,PAR,780.0,
BNP Paribas Easy Low Carbon 100,ECN.PA,ECN,EUR,PAR,762.0,
Amundi Core Global Aggregate Bo,GAGG.PA,GAGG,EUR,PAR,759.0,0.1
BNP Paribas Easy USD Corp Bond ,USCBH.PA,USCBH,EUR,PAR,758.0,
Amundi MSCI EMU Small Cap ESG B,MMS.PA,MMS,EUR,PAR,711.0,0.4
Amundi S&P Global Information T,GLIT.PA,GLIT,EUR,PAR,708.0,0.18
Invesco FTSE RAFI US 1000 UCITS,PFT.PA,PFT,EUR,PAR,685.0,0.39
AMUNDI EUR HIGH YIELD CORPORATE,YIEL.PA,YIEL,EUR,PAR,678.0,0.25
Amundi Prime Japan UCITS ETF DR,PRAJ.PA,PRAJ,EUR,PAR,677.0,0.05
,ISRG.PA,ISRG,EUR,PAR,656.0,
Amundi MSCI Europe Small Cap ES,CEM.PA,CEM,EUR,PAR,640.0,0.23
Amundi PEA MSCI USA Value Advan,USVE.PA,USVE,EUR,PAR,636.0,
WisdomTree Europe Equity Income,EEI.PA,EEI,EUR,PAR,634.0,
OSSIAM SHILLER BARCLAYS CAPE US,CAPU.PA,CAPU,EUR,PAR,633.0,0.65
Amundi USD Corporate Bond Clima,USIH.PA,USIH,EUR,PAR,626.0,0.2
Invesco FTSE RAFI Emerging Mark,PEH.PA,PEH,EUR,PAR,623.0,
BNP Paribas Easy Low Carbon 300,LCWLD.PA,LCWLD,EUR,PAR,615.0,
Amundi MSCI Europe Ex EMU ESG S,CU9.PA,CU9,EUR,PAR,612.0,
AMUNDI MSCI Europe Value Factor,CV9.PA,CV9,EUR,PAR,612.0,0.23
Amundi Euro Government Bond 5-7,MTC.PA,MTC,EUR,PAR,610.0,0.15
BNP PARIBAS EASY FTSE EPRA Nare,GREAD.PA,GREAD,EUR,PAR,608.0,
Amundi Label ISR Actions Japon ,ISRJ.PA,ISRJ,EUR,PAR,604.0,
VanEck Oil Services UCITS ETF,OIHV.PA,OIHV,EUR,PAR,600.0,0.35
SPDR S&P 500 UCITS ETF,SPY5.PA,SPY5,EUR,PAR,596.0,0.09
Amundi Euro High Yield Bond ESG,HYBB.PA,HYBB,EUR,PAR,589.0,0.35
Amundi Euro Highest Rated Macro,MAA.PA,MAA,EUR,PAR,568.0,0.165
iShares iBonds Dec 2025 Term $ ,TI25.PA,TI25,EUR,PAR,564.0,
OFI INVEST EMU EQUITY ACTIVE UC,OFIEU.PA,OFIEU,EUR,PAR,560.0,
SPDR Bloomberg Euro High Yield ,JNKE.PA,JNKE,EUR,PAR,542.0,0.4
Amundi Global Hydrogen UCITS ET,ANRJ.PA,ANRJ,EUR,PAR,531.0,
VanEck Video Gaming and eSports,ESPO.PA,ESPO,EUR,PAR,521.0,0.55
21Shares Crypto Basket 10 Core ,HODLX.PA,HODLX,EUR,PAR,519.0,
Amundi MSCI China A UCITS ETF A,CNAA.PA,CNAA,EUR,PAR,512.0,0.35
INDEXIQ FACTORS SUSTAINABLE JAP,IQJP.PA,IQJP,EUR,PAR,499.0,0.35
SPDR Bloomberg 1-3 Year Euro Go,GOVS.PA,GOVS,EUR,PAR,491.0,0.15
US Global Investors Travel UCIT,TRYP.PA,TRYP,EUR,PAR,491.0,0.69
Amundi MSCI Japan ESG Broad Tra,CJ1.PA,CJ1,EUR,PAR,490.0,0.15
iShares iBonds Dec 2025 Term Co,IBE5.PA,IBE5,EUR,PAR,485.0,
SPDR Bloomberg Euro Corporate B,EUCO.PA,EUCO,EUR,PAR,473.0,0.2
Amundi MSCI Emerging Ex China U,EMXC.PA,EMXC,EUR,PAR,468.0,0.15
Amundi Dow Jones Industrial Ave,DJE.PA,DJE,EUR,PAR,465.0,0.5
AMUNDI MSCI USA MINIMUM VOLATIL,MIVU.PA,MIVU,EUR,PAR,460.0,0.18
HSBC JAPAN SCREENED EQUITY UCIT,HSJA.PA,HSJA,EUR,PAR,460.0,
SPDR MSCI Europe Consumer Discr,STR.PA,STR,EUR,PAR,457.0,0.18
Invesco EuroMTS Cash 3 Months U,PEU.PA,PEU,EUR,PAR,452.0,
Amundi S&P Global Financials ES,GLFI.PA,GLFI,EUR,PAR,433.0,0.18
Amundi MSCI Europe ex Switzerla,CS9.PA,CS9,EUR,PAR,432.0,0.15
AMUNDI MSCI EUROPE QUALITY FACT,QCEU.PA,QCEU,EUR,PAR,421.0,0.23
Amundi EUR Floating Rate Corpor,AFRHG.PA,AFRHG,GBP,PAR,420.0,0.2
Amundi MSCI EMU SRI Climate Par,EESG.PA,EESG,EUR,PAR,419.0,0.18
HSBC MSCI WORLD SMALL CAP SCREE,HWSS.PA,HWSS,EUR,PAR,417.0,
HSBC MSCI WORLD ISLAMIC SCREENE,HIWS.PA,HIWS,EUR,PAR,417.0,
SPDR MSCI Europe Consumer Stapl,STS.PA,STS,EUR,PAR,411.0,0.18
AMUNDI MSCI EUROPE GROWTH UCITS,CG9.PA,CG9,EUR,PAR,407.0,0.35
AMUNDI USD HIGH YIELD CORPORATE,USHY.PA,USHY,EUR,PAR,405.0,0.25
AMUNDI JPX-NIKKEI 400 UCITS ETF,JPNY.PA,JPNY,JPY,PAR,403.0,0.18
Amundi MSCI All Country World U,ACWI.PA,ACWI,EUR,PAR,398.0,0.45
SPDR Bloomberg Emerging Markets,EMLD.PA,EMLD,EUR,PAR,395.0,0.55
CM-AM Euro Stoxx 50 UCITS ETF,CM5E.PA,CM5E,EUR,PAR,384.0,
Amundi Euro Government Bond Hig,AM3A.PA,AM3A,EUR,PAR,383.0,0.14
iShares iBonds Dec 2028 Term EU,28IY.PA,28IY,EUR,PAR,375.0,
VanEck J.P. Morgan EM Local Cur,EMLC.PA,EMLC,EUR,PAR,374.0,0.3
BNP Paribas Easy MSCI USA SMALL,USSM.PA,USSM,EUR,PAR,373.0,
Invesco S&P 500 QVM UCITS ETF,PQVM.PA,PQVM,EUR,PAR,356.0,0.35
Amundi Global Equity Quality In,SGQI.PA,SGQI,EUR,PAR,355.0,0.45
Amundi German Bund Daily (-2x) ,DSB.PA,DSB,EUR,PAR,353.0,0.2
Amundi Corporate Proceeds Bond ,PLAN.PA,PLAN,EUR,PAR,353.0,
ETC Group Web 3.0 UCITS ETF,WEB3.PA,WEB3,EUR,PAR,353.0,
21Shares Crypto Basket Equal We,HODLV.PA,HODLV,EUR,PAR,352.0,
Invesco FTSE Emerging Markets H,EMHD.PA,EMHD,EUR,PAR,345.0,
BNP PARIBAS EASY JPM ESG EMU Go,GEU3C.PA,GEU3C,EUR,PAR,343.0,
Franklin FTSE Developed World U,WORLD.PA,WORLD,EUR,PAR,342.0,
AMUNDI LIFECYCLE 2039 UCITS ETF,LC39.PA,LC39,EUR,PAR,339.0,0.18
Amundi Global Bioenergy UCITS E,CWE.PA,CWE,EUR,PAR,332.0,0.35
HSBC UK SCREENED EQUITY UCITS E,HSUK.PA,HSUK,EUR,PAR,330.0,0.12
HSBC MSCI JAPAN ETF,MJP.PA,MJP,EUR,PAR,327.0,0.19
Amundi Euro Government Bond 15+,MTF.PA,MTF,EUR,PAR,322.0,0.15
Ossiam MSCI Europe - UCITS ETF ,MEUR.PA,MEUR,EUR,PAR,318.0,
OSSIAM STOXX(R) EUROPE 600 EQUA,S6EW.PA,S6EW,EUR,PAR,317.0,0.35
Invesco US High Yield Fallen An,HYFA.PA,HYFA,EUR,PAR,313.0,
AMUNDI S&P 500 BUYBACK UCITS ET,BYBE.PA,BYBE,EUR,PAR,311.0,0.15
HSBC MSCI USA ISLAMIC SCREENED ,HIUS.PA,HIUS,EUR,PAR,308.0,
Amundi Euro Lowest Rated IG Gov,X1G.PA,X1G,EUR,PAR,308.0,0.14
SPDR MSCI Europe UCITS ETF,ERO.PA,ERO,EUR,PAR,303.0,0.25
Franklin FTSE Taiwan UCITS ETF,FLXT.PA,FLXT,EUR,PAR,291.0,0.19
BNP Paribas Easy Alpha Enhanced,QEIG.PA,QEIG,EUR,PAR,281.0,
Amundi MSCI AC Asia Ex Japan UC,APX.PA,APX,EUR,PAR,280.0,0.5
Franklin FTSE Saudi Arabia UCIT,SAUDI.PA,SAUDI,EUR,PAR,270.0,
WisdomTree Artificial Intellige,WTAI.PA,WTAI,EUR,PAR,261.0,
Amundi Euro Corp 0-1Y ESG UCITS,ECR1.PA,ECR1,EUR,PAR,255.0,0.08
Amundi EUR Corporate Bond ex-Fi,CNB.PA,CNB,EUR,PAR,251.0,0.14
Franklin European Quality Divid,DIVA.PA,DIVA,EUR,PAR,251.0,
SPDR MSCI Europe Materials UCIT,STP.PA,STP,EUR,PAR,249.0,0.18
21Shares XDC Network ETP,XDCN.PA,XDCN,EUR,PAR,244.0,
BNP PARIBAS EASY Low Vol Europe,EVOE.PA,EVOE,EUR,PAR,243.0,
WisdomTree Global Quality Divid,GGRA.PA,GGRA,EUR,PAR,241.0,
AMUNDI LIFECYCLE 2033 UCITS ETF,LC33.PA,LC33,EUR,PAR,239.0,0.18
Amundi US Treasury Bond 1-3Y UC,US13.PA,US13,EUR,PAR,231.0,0.06
BNP Paribas Easy MSCI ACWI SRI ,PAACE.PA,PAACE,EUR,PAR,230.0,
BNP PARIBAS EASY ALPHA ENHANCED,QGLOE.PA,QGLOE,EUR,PAR,227.0,
Amundi Italy BTP Daily (-2x) In,BTPS.PA,BTPS,EUR,PAR,220.0,0.4
Ossiam Bloomberg Asia Pacific e,OP6E.PA,OP6E,EUR,PAR,220.0,
Ossiam Bloomberg Canada PAB NR ,OP8E.PA,OP8E,EUR,PAR,212.0,
Amundi PEA MSCI USA ESG Selecti,CU2.PA,CU2,EUR,PAR,210.0,0.35
INDEXIQ FACTORS SUSTAINABLE EUR,IQEE.PA,IQEE,EUR,PAR,207.0,0.3
FIRST TRUST GLOBAL ALPHADEX UCI,FGBL.PA,FGBL,EUR,PAR,207.0,
HSBC MSCI USA Quality UCITS ETF,MUS.PA,MUS,EUR,PAR,207.0,0.3
iShares iBonds Dec 2027 Term $ ,DI27.PA,DI27,EUR,PAR,197.0,
BNP Paribas Easy Dividend Europ,EDEU.PA,EDEU,EUR,PAR,197.0,
Amundi MSCI Pacific Ex Japan SR,CP9.PA,CP9,EUR,PAR,193.0,0.45
WisdomTree US Quality Dividend ,DGRA.PA,DGRA,EUR,PAR,190.0,
OFI INVEST US EQUITY ACTIVE UCI,OFIUS.PA,OFIUS,EUR,PAR,189.0,
WisdomTree Cloud Computing UCIT,WCLD.PA,WCLD,EUR,PAR,189.0,
Harbor Health Care UCITS ETF,WELL.PA,WELL,EUR,PAR,186.0,0.59
BNP Paribas Easy JPM ESG Green ,GSSBD.PA,GSSBD,EUR,PAR,186.0,
Amundi MSCI Europe Growth UCITS,GWT.PA,GWT,EUR,PAR,186.0,0.35
ODDO BHF Global Balanced Alloca,OBBA.PA,OBBA,EUR,PAR,181.0,
WisdomTree Battery Solutions UC,VOLT.PA,VOLT,EUR,PAR,180.0,
VanEck Morningstar US Wide Moat,MOTU.PA,MOTU,EUR,PAR,180.0,0.46
Amundi MSCI India Swap II UCITS,CI2.PA,CI2,EUR,PAR,175.0,0.8
OSSIAM MSCI WORLD - UCITS ETF 1,0SWE.PA,0SWE,EUR,PAR,171.0,
iShares iBonds Dec 2028 Term US,28ID.PA,28ID,EUR,PAR,166.0,
Amundi Core UK Government Bond ,GILS.PA,GILS,EUR,PAR,150.0,0.05
AMUNDI MSCI NORDIC UCITS ETF - ,CN1.PA,CN1,EUR,PAR,146.0,0.25
BNP Paribas EASY ECPI Global ES,ENG.PA,ENG,EUR,PAR,139.0,
Amundi MSCI UK IMI SRI Climate ,FTSE.PA,FTSE,GBP,PAR,137.0,0.18
Franklin FTSE Japan UCITS ETF,JAPAN.PA,JAPAN,EUR,PAR,134.0,
BNP Paribas Easy MSCI World Equ,WEWEU.PA,WEWEU,EUR,PAR,133.0,
Amundi Euro Inflation Expectati,INFL.PA,INFL,EUR,PAR,132.0,0.25
Amundi MSCI World Ex EMU UCITS ,CM9.PA,CM9,EUR,PAR,127.0,
Amundi US Treasury Bond 3-7Y UC,US37.PA,US37,EUR,PAR,122.0,0.06
WisdomTree Eurozone Quality Div,EGRA.PA,EGRA,EUR,PAR,122.0,
21Shares Cronos ETP,CRON.PA,CRON,EUR,PAR,119.0,
Amundi STOXX Europe 600 Basic M,CHM.PA,CHM,EUR,PAR,117.0,0.3
Ossiam S&P500 - UCITS ETF 1C (E,0USE.PA,0USE,EUR,PAR,116.0,
Amundi MSCI Millennials UCITS E,MILL.PA,MILL,EUR,PAR,105.0,0.45
Hashdex Nasdaq Crypto Index Eur,HASH.PA,HASH,EUR,PAR,104.0,
BNP PARIBAS EASY MSCI Europe UC,UEFA.PA,UEFA,EUR,PAR,100.0,
Amundi MSCI World SRI Climate P,WESE.PA,WESE,EUR,PAR,97.0,0.2
BNP PARIBAS EASY Growth Europe ,EGRO.PA,EGRO,EUR,PAR,95.0,
Franklin Future of Health and W,FOHW.PA,FOHW,EUR,PAR,88.0,0.3
BNP PARIBAS EASY Quality Europe,EQUA.PA,EQUA,EUR,PAR,87.0,
Amundi US Curve steepening 2-10,STPU.PA,STPU,EUR,PAR,82.0,0.3
Franklin MSCI Emerging Markets ,FREP.PA,FREP,EUR,PAR,82.0,0.18
VanEck Global Fallen Angels Hig,GFA.PA,GFA,EUR,PAR,82.0,0.4
Franklin FTSE Emerging Markets ,EMERG.PA,EMERG,EUR,PAR,80.0,0.16
DDA Physical Bitcoin ETP,XBTI.PA,XBTI,EUR,PAR,77.0,
VanEck US Fallen Angel High Yie,USFA.PA,USFA,EUR,PAR,71.0,0.35
HANS-GINS Tech Megatrend Equal ,ITEK.PA,ITEK,EUR,PAR,67.0,0.59
Amundi US Treasury Bond Long Da,U10HK.PA,U10HK,HKD,PAR,66.0,0.1
AMUNDI MSCI WORLD EX EUROPE UCI,CE8.PA,CE8,EUR,PAR,64.0,0.35
Amundi MSCI World Financials UC,FINSW.PA,FINSW,EUR,PAR,61.0,0.3
Franklin FTSE Emerging ex China,EXCN.PA,EXCN,EUR,PAR,56.0,0.16
AMUNDI CAC TRANSITION CLIMAT UC,CF1.PA,CF1,EUR,PAR,55.0,
BNP Paribas Easy Value Europe,VALD.PA,VALD,EUR,PAR,54.0,
Franklin MSCI World Catholic Pr,FAITH.PA,FAITH,EUR,PAR,54.0,0.27
iShares iBonds Dec 2026 Term US,26ID.PA,26ID,EUR,PAR,53.0,
Ossiam Shiller Barclays CAPE(R),5OGE.PA,5OGE,EUR,PAR,52.0,
VanEck Emerging Markets High Yi,HYEM.PA,HYEM,EUR,PAR,51.0,0.4
BNP PARIBAS EASY Value Europe [,EVAE.PA,EVAE,EUR,PAR,48.0,
OSSIAM Shiller Barclays CAPE Eu,CAPE.PA,CAPE,EUR,PAR,42.0,0.65
Ossiam Bloomberg Japan PAB NR -,OP5H.PA,OP5H,EUR,PAR,41.0,
Franklin US Dividend Tilt UCITS,USDIV.PA,USDIV,EUR,PAR,32.0,
HSBC MSCI Japan UCITS ETF USD (,HMJS.PA,HMJS,EUR,PAR,32.0,
AMUNDI LIFECYCLE 2036 UCITS ETF,LC36.PA,LC36,EUR,PAR,28.0,0.18
BNP Paribas Easy Quality Europe,QUED.PA,QUED,EUR,PAR,28.0,
Franklin AI Metaverse and Block,METE.PA,METE,EUR,PAR,27.0,0.3
iShares iBonds Dec 2026 Term EU,26TP.PA,26TP,EUR,PAR,22.0,
VanEck Morningstar US SMID Moat,SMOT.PA,SMOT,EUR,PAR,22.0,0.49
Franklin Future of Food UCITS E,FOFD.PA,FOFD,EUR,PAR,22.0,0.3
AMUNDI LIFECYCLE 2030 UCITS ETF,LC30.PA,LC30,EUR,PAR,19.0,0.18
Guinness Sustainable Energy UCI,CLMA.PA,CLMA,EUR,PAR,19.0,0.65
BNP Paribas Easy Low Vol Europe,VLED.PA,VLED,EUR,PAR,18.0,
Ossiam Bloomberg USA PAB NR UCI,OP7E.PA,OP7E,EUR,PAR,16.0,
Ossiam MSCI EMU - UCITS ETF 1C ,0EMU.PA,0EMU,EUR,PAR,16.0,
OSSIAM CAC 40 NR - UCITS ETF 1C,0CAC.PA,0CAC,EUR,PAR,13.0,
Amundi Global Aggregate Bond ES,GASR.PA,GASR,EUR,PAR,12.0,0.14
INDEXIQ FACTORS SUSTAINABLE COR,IQEC.PA,IQEC,EUR,PAR,11.0,0.35
ODDO BHF US Equity Active UCITS,OBUS.PA,OBUS,EUR,PAR,9.0,
BNP PARIBAS EASY MSCI Japan UCI,FUJI.PA,FUJI,EUR,PAR,7.0,
BNP Paribas Easy FTSE EPRA Nare,GRCTB.PA,GRCTB,EUR,PAR,4.0,
Ossiam Shiller Barclays CAPE US,CAPH.PA,CAPH,EUR,PAR,3.0,
Amundi US Treasury Bond 7-10Y U,U710H.PA,U710H,HKD,PAR,2.0,0.06
Ossiam Bloomberg Europe ex Euro,OP4E.PA,OP4E,EUR,PAR,2.0,
Ossiam Bloomberg World PAB UCIT,OP9E.PA,OP9E,EUR,PAR,1.0,
Tracker Securities on Polkadot ,SDOT.PA,SDOT,EUR,PAR,0.0,
Franklin MSCI China Paris Align,FRCP.PA,FRCP,EUR,PAR,0.0,0.22
BNP PARIBAS EASY Alpha Enhanced,QEUR.PA,QEUR,EUR,PAR,0.0,
WisdomTree Physical Bitcoin,WBTC.PA,WBTC,EUR,PAR,0.0,
BNP Paribas Easy ESG Enhanced W,AWDSH.PA,AWDSH,EUR,PAR,0.0,
BNPP EASY JPM ESG EMU Governmen,GEU7C.PA,GEU7C,EUR,PAR,0.0,
VanEck TRON ETN,VTRX.PA,VTRX,EUR,PAR,0.0,
BNP Paribas Easy ESG Enhanced J,AJASH.PA,AJASH,EUR,PAR,0.0,
BNP Paribas Easy ESG Enhanced U,AUSSH.PA,AUSSH,EUR,PAR,0.0,
